Domain Code,Domain,Area Code (M49),Area,Element Code,Element,Item Code (CPC),Item,Year Code,Year,Unit,Value,Flag,Flag Description,Note
"QCL","Crops and livestock products","032","Argentina","5312","Area harvested","01620","Tea leaves","2024","2024","ha","29869","A","Official figure",""
"QCL","Crops and livestock products","032","Argentina","5412","Yield","01620","Tea leaves","2024","2024","kg/ha","11943.9","A","Official figure",""
"QCL","Crops and livestock products","032","Argentina","5510","Production","01620","Tea leaves","2024","2024","t","356753","A","Official figure",""
"QCL","Crops and livestock products","031","Azerbaijan","5312","Area harvested","01620","Tea leaves","2024","2024","ha","740","I","Value imputed by a receiving agency",""
"QCL","Crops and livestock products","031","Azerbaijan","5412","Yield","01620","Tea leaves","2024","2024","kg/ha","1624.7","E","Estimated value",""
"QCL","Crops and livestock products","031","Azerbaijan","5510","Production","01620","Tea leaves","2024","2024","t","1202.11","I","Value imputed by a receiving agency",""
"QCL","Crops and livestock products","050","Bangladesh","5312","Area harvested","01620","Tea leaves","2024","2024","ha","58754","A","Official figure",""
"QCL","Crops and livestock products","050","Bangladesh","5412","Yield","01620","Tea leaves","2024","2024","kg/ha","7448.9","E","Estimated value",""
"QCL","Crops and livestock products","050","Bangladesh","5510","Production","01620","Tea leaves","2024","2024","t","437652","E","Estimated value",""
"QCL","Crops and livestock products","068","Bolivia (Plurinational State of)","5312","Area harvested","01620","Tea leaves","2024","2024","ha","276","A","Official figure",""
"QCL","Crops and livestock products","068","Bolivia (Plurinational State of)","5412","Yield","01620","Tea leaves","2024","2024","kg/ha","4345.9","A","Official figure",""
"QCL","Crops and livestock products","068","Bolivia (Plurinational State of)","5510","Production","01620","Tea leaves","2024","2024","t","1201.02","A","Official figure",""
"QCL","Crops and livestock products","076","Brazil","5312","Area harvested","01620","Tea leaves","2024","2024","ha","207","A","Official figure",""
"QCL","Crops and livestock products","076","Brazil","5412","Yield","01620","Tea leaves","2024","2024","kg/ha","9715","A","Official figure",""
"QCL","Crops and livestock products","076","Brazil","5510","Production","01620","Tea leaves","2024","2024","t","2011","A","Official figure",""
"QCL","Crops and livestock products","108","Burundi","5312","Area harvested","01620","Tea leaves","2024","2024","ha","8021","I","Value imputed by a receiving agency",""
"QCL","Crops and livestock products","108","Burundi","5412","Yield","01620","Tea leaves","2024","2024","kg/ha","6489.3","E","Estimated value",""
"QCL","Crops and livestock products","108","Burundi","5510","Production","01620","Tea leaves","2024","2024","t","52047.44","I","Value imputed by a receiving agency",""
"QCL","Crops and livestock products","120","Cameroon","5312","Area harvested","01620","Tea leaves","2024","2024","ha","2369","I","Value imputed by a receiving agency",""
"QCL","Crops and livestock products","120","Cameroon","5412","Yield","01620","Tea leaves","2024","2024","kg/ha","10418.2","E","Estimated value",""
"QCL","Crops and livestock products","120","Cameroon","5510","Production","01620","Tea leaves","2024","2024","t","24683.67","I","Value imputed by a receiving agency",""
"QCL","Crops and livestock products","159","China","5312","Area harvested","01620","Tea leaves","2024","2024","ha","3645423","E","Estimated value",""
"QCL","Crops and livestock products","159","China","5412","Yield","01620","Tea leaves","2024","2024","kg/ha","4471.1","E","Estimated value",""
"QCL","Crops and livestock products","159","China","5510","Production","01620","Tea leaves","2024","2024","t","16298900","E","Estimated value",""
"QCL","Crops and livestock products","156","China, mainland","5312","Area harvested","01620","Tea leaves","2024","2024","ha","3631693","I","Value imputed by a receiving agency",""
"QCL","Crops and livestock products","156","China, mainland","5412","Yield","01620","Tea leaves","2024","2024","kg/ha","4477.5","E","Estimated value",""
"QCL","Crops and livestock products","156","China, mainland","5510","Production","01620","Tea leaves","2024","2024","t","16260900","E","Estimated value",""
"QCL","Crops and livestock products","158","China, Taiwan Province of","5312","Area harvested","01620","Tea leaves","2024","2024","ha","13730","I","Value imputed by a receiving agency",""
"QCL","Crops and livestock products","158","China, Taiwan Province of","5412","Yield","01620","Tea leaves","2024","2024","kg/ha","2767.7","E","Estimated value",""
"QCL","Crops and livestock products","158","China, Taiwan Province of","5510","Production","01620","Tea leaves","2024","2024","t","38000","E","Estimated value",""
"QCL","Crops and livestock products","170","Colombia","5312","Area harvested","01620","Tea leaves","2024","2024","ha","90","A","Official figure",""
"QCL","Crops and livestock products","170","Colombia","5412","Yield","01620","Tea leaves","2024","2024","kg/ha","2500","A","Official figure",""
"QCL","Crops and livestock products","170","Colombia","5510","Production","01620","Tea leaves","2024","2024","t","225.75","A","Official figure",""
"QCL","Crops and livestock products","180","Democratic Republic of the Congo","5312","Area harvested","01620","Tea leaves","2024","2024","ha","33157","I","Value imputed by a receiving agency",""
"QCL","Crops and livestock products","180","Democratic Republic of the Congo","5412","Yield","01620","Tea leaves","2024","2024","kg/ha","60.7","E","Estimated value",""
"QCL","Crops and livestock products","180","Democratic Republic of the Congo","5510","Production","01620","Tea leaves","2024","2024","t","2013.95","I","Value imputed by a receiving agency",""
"QCL","Crops and livestock products","218","Ecuador","5312","Area harvested","01620","Tea leaves","2024","2024","ha","1104","I","Value imputed by a receiving agency",""
"QCL","Crops and livestock products","218","Ecuador","5412","Yield","01620","Tea leaves","2024","2024","kg/ha","9274.7","E","Estimated value",""
"QCL","Crops and livestock products","218","Ecuador","5510","Production","01620","Tea leaves","2024","2024","t","10235.23","I","Value imputed by a receiving agency",""
"QCL","Crops and livestock products","222","El Salvador","5312","Area harvested","01620","Tea leaves","2024","2024","ha","342","E","Estimated value",""
"QCL","Crops and livestock products","222","El Salvador","5412","Yield","01620","Tea leaves","2024","2024","kg/ha","1964.8","E","Estimated value",""
"QCL","Crops and livestock products","222","El Salvador","5510","Production","01620","Tea leaves","2024","2024","t","672.73","E","Estimated value",""
"QCL","Crops and livestock products","231","Ethiopia","5312","Area harvested","01620","Tea leaves","2024","2024","ha","7135","E","Estimated value",""
"QCL","Crops and livestock products","231","Ethiopia","5412","Yield","01620","Tea leaves","2024","2024","kg/ha","10754.8","E","Estimated value",""
"QCL","Crops and livestock products","231","Ethiopia","5510","Production","01620","Tea leaves","2024","2024","t","76730.97","E","Estimated value",""
"QCL","Crops and livestock products","268","Georgia","5312","Area harvested","01620","Tea leaves","2024","2024","ha","2477","I","Value imputed by a receiving agency",""
"QCL","Crops and livestock products","268","Georgia","5412","Yield","01620","Tea leaves","2024","2024","kg/ha","1049.8","E","Estimated value",""
"QCL","Crops and livestock products","268","Georgia","5510","Production","01620","Tea leaves","2024","2024","t","2600","A","Official figure",""
"QCL","Crops and livestock products","320","Guatemala","5312","Area harvested","01620","Tea leaves","2024","2024","ha","1144","E","Estimated value",""
"QCL","Crops and livestock products","320","Guatemala","5412","Yield","01620","Tea leaves","2024","2024","kg/ha","471.5","E","Estimated value",""
"QCL","Crops and livestock products","320","Guatemala","5510","Production","01620","Tea leaves","2024","2024","t","539.21","E","Estimated value",""
"QCL","Crops and livestock products","356","India","5312","Area harvested","01620","Tea leaves","2024","2024","ha","613416","I","Value imputed by a receiving agency",""
"QCL","Crops and livestock products","356","India","5412","Yield","01620","Tea leaves","2024","2024","kg/ha","10035.7","E","Estimated value",""
"QCL","Crops and livestock products","356","India","5510","Production","01620","Tea leaves","2024","2024","t","6156031.41","I","Value imputed by a receiving agency",""
"QCL","Crops and livestock products","360","Indonesia","5312","Area harvested","01620","Tea leaves","2024","2024","ha","103605","A","Official figure",""
"QCL","Crops and livestock products","360","Indonesia","5412","Yield","01620","Tea leaves","2024","2024","kg/ha","6351","E","Estimated value",""
"QCL","Crops and livestock products","360","Indonesia","5510","Production","01620","Tea leaves","2024","2024","t","658000","E","Estimated value",""
"QCL","Crops and livestock products","364","Iran (Islamic Republic of)","5312","Area harvested","01620","Tea leaves","2024","2024","ha","13263","I","Value imputed by a receiving agency",""
"QCL","Crops and livestock products","364","Iran (Islamic Republic of)","5412","Yield","01620","Tea leaves","2024","2024","kg/ha","6031.4","E","Estimated value",""
"QCL","Crops and livestock products","364","Iran (Islamic Republic of)","5510","Production","01620","Tea leaves","2024","2024","t","79996.94","I","Value imputed by a receiving agency",""
"QCL","Crops and livestock products","392","Japan","5312","Area harvested","01620","Tea leaves","2024","2024","ha","35100","A","Official figure",""
"QCL","Crops and livestock products","392","Japan","5412","Yield","01620","Tea leaves","2024","2024","kg/ha","9096.9","A","Official figure",""
"QCL","Crops and livestock products","392","Japan","5510","Production","01620","Tea leaves","2024","2024","t","319300","A","Official figure",""
"QCL","Crops and livestock products","404","Kenya","5312","Area harvested","01620","Tea leaves","2024","2024","ha","228400","A","Official figure",""
"QCL","Crops and livestock products","404","Kenya","5412","Yield","01620","Tea leaves","2024","2024","kg/ha","11765.3","A","Official figure",""
"QCL","Crops and livestock products","404","Kenya","5510","Production","01620","Tea leaves","2024","2024","t","2687200","A","Official figure",""
"QCL","Crops and livestock products","418","Lao People's Democratic Republic","5312","Area harvested","01620","Tea leaves","2024","2024","ha","7735","A","Official figure",""
"QCL","Crops and livestock products","418","Lao People's Democratic Republic","5412","Yield","01620","Tea leaves","2024","2024","kg/ha","2378.8","A","Official figure",""
"QCL","Crops and livestock products","418","Lao People's Democratic Republic","5510","Production","01620","Tea leaves","2024","2024","t","18400","A","Official figure",""
"QCL","Crops and livestock products","450","Madagascar","5312","Area harvested","01620","Tea leaves","2024","2024","ha","1052","E","Estimated value",""
"QCL","Crops and livestock products","450","Madagascar","5412","Yield","01620","Tea leaves","2024","2024","kg/ha","377.4","E","Estimated value",""
"QCL","Crops and livestock products","450","Madagascar","5510","Production","01620","Tea leaves","2024","2024","t","397.07","I","Value imputed by a receiving agency",""
"QCL","Crops and livestock products","454","Malawi","5312","Area harvested","01620","Tea leaves","2024","2024","ha","19883","I","Value imputed by a receiving agency",""
"QCL","Crops and livestock products","454","Malawi","5412","Yield","01620","Tea leaves","2024","2024","kg/ha","12456.2","E","Estimated value",""
"QCL","Crops and livestock products","454","Malawi","5510","Production","01620","Tea leaves","2024","2024","t","247669.75","I","Value imputed by a receiving agency",""
"QCL","Crops and livestock products","458","Malaysia","5312","Area harvested","01620","Tea leaves","2024","2024","ha","1764","I","Value imputed by a receiving agency",""
"QCL","Crops and livestock products","458","Malaysia","5412","Yield","01620","Tea leaves","2024","2024","kg/ha","8316.1","E","Estimated value",""
"QCL","Crops and livestock products","458","Malaysia","5510","Production","01620","Tea leaves","2024","2024","t","14667.06","A","Official figure",""
"QCL","Crops and livestock products","466","Mali","5312","Area harvested","01620","Tea leaves","2024","2024","ha","87","E","Estimated value",""
"QCL","Crops and livestock products","466","Mali","5412","Yield","01620","Tea leaves","2024","2024","kg/ha","1038.9","E","Estimated value",""
"QCL","Crops and livestock products","466","Mali","5510","Production","01620","Tea leaves","2024","2024","t","90.75","E","Estimated value",""
"QCL","Crops and livestock products","480","Mauritius","5312","Area harvested","01620","Tea leaves","2024","2024","ha","623","A","Official figure",""
"QCL","Crops and livestock products","480","Mauritius","5412","Yield","01620","Tea leaves","2024","2024","kg/ha","9659.7","A","Official figure",""
"QCL","Crops and livestock products","480","Mauritius","5510","Production","01620","Tea leaves","2024","2024","t","6018","A","Official figure",""
"QCL","Crops and livestock products","499","Montenegro","5312","Area harvested","01620","Tea leaves","2024","2024","ha","124","I","Value imputed by a receiving agency",""
"QCL","Crops and livestock products","499","Montenegro","5412","Yield","01620","Tea leaves","2024","2024","kg/ha","804.2","E","Estimated value",""
"QCL","Crops and livestock products","499","Montenegro","5510","Production","01620","Tea leaves","2024","2024","t","100","I","Value imputed by a receiving agency",""
"QCL","Crops and livestock products","508","Mozambique","5312","Area harvested","01620","Tea leaves","2024","2024","ha","7228","I","Value imputed by a receiving agency",""
"QCL","Crops and livestock products","508","Mozambique","5412","Yield","01620","Tea leaves","2024","2024","kg/ha","1124.6","E","Estimated value",""
"QCL","Crops and livestock products","508","Mozambique","5510","Production","01620","Tea leaves","2024","2024","t","8128.78","I","Value imputed by a receiving agency",""
"QCL","Crops and livestock products","104","Myanmar","5312","Area harvested","01620","Tea leaves","2024","2024","ha","95223","I","Value imputed by a receiving agency",""
"QCL","Crops and livestock products","104","Myanmar","5412","Yield","01620","Tea leaves","2024","2024","kg/ha","1278.7","E","Estimated value",""
"QCL","Crops and livestock products","104","Myanmar","5510","Production","01620","Tea leaves","2024","2024","t","121765.06","I","Value imputed by a receiving agency",""
"QCL","Crops and livestock products","524","Nepal","5312","Area harvested","01620","Tea leaves","2024","2024","ha","20760","A","Official figure",""
"QCL","Crops and livestock products","524","Nepal","5412","Yield","01620","Tea leaves","2024","2024","kg/ha","6522","E","Estimated value",""
"QCL","Crops and livestock products","524","Nepal","5510","Production","01620","Tea leaves","2024","2024","t","135398.61","I","Value imputed by a receiving agency",""
"QCL","Crops and livestock products","591","Panama","5312","Area harvested","01620","Tea leaves","2024","2024","ha","","M","Missing value; data cannot exist",""
"QCL","Crops and livestock products","591","Panama","5510","Production","01620","Tea leaves","2024","2024","t","","M","Missing value; data cannot exist",""
"QCL","Crops and livestock products","598","Papua New Guinea","5312","Area harvested","01620","Tea leaves","2024","2024","ha","3543","I","Value imputed by a receiving agency",""
"QCL","Crops and livestock products","598","Papua New Guinea","5412","Yield","01620","Tea leaves","2024","2024","kg/ha","9143.6","E","Estimated value",""
"QCL","Crops and livestock products","598","Papua New Guinea","5510","Production","01620","Tea leaves","2024","2024","t","32399.12","I","Value imputed by a receiving agency",""
"QCL","Crops and livestock products","604","Peru","5312","Area harvested","01620","Tea leaves","2024","2024","ha","2047","A","Official figure",""
"QCL","Crops and livestock products","604","Peru","5412","Yield","01620","Tea leaves","2024","2024","kg/ha","991.6","A","Official figure",""
"QCL","Crops and livestock products","604","Peru","5510","Production","01620","Tea leaves","2024","2024","t","2029.85","A","Official figure",""
"QCL","Crops and livestock products","410","Republic of Korea","5312","Area harvested","01620","Tea leaves","2024","2024","ha","3370","I","Value imputed by a receiving agency",""
"QCL","Crops and livestock products","410","Republic of Korea","5412","Yield","01620","Tea leaves","2024","2024","kg/ha","5460.5","E","Estimated value",""
"QCL","Crops and livestock products","410","Republic of Korea","5510","Production","01620","Tea leaves","2024","2024","t","18400","E","Estimated value",""
"QCL","Crops and livestock products","643","Russian Federation","5312","Area harvested","01620","Tea leaves","2024","2024","ha","254","I","Value imputed by a receiving agency",""
"QCL","Crops and livestock products","643","Russian Federation","5412","Yield","01620","Tea leaves","2024","2024","kg/ha","518.9","E","Estimated value",""
"QCL","Crops and livestock products","643","Russian Federation","5510","Production","01620","Tea leaves","2024","2024","t","131.86","I","Value imputed by a receiving agency",""
"QCL","Crops and livestock products","646","Rwanda","5312","Area harvested","01620","Tea leaves","2024","2024","ha","35050","A","Official figure",""
"QCL","Crops and livestock products","646","Rwanda","5412","Yield","01620","Tea leaves","2024","2024","kg/ha","4581.8","A","Official figure",""
"QCL","Crops and livestock products","646","Rwanda","5510","Production","01620","Tea leaves","2024","2024","t","160591.77","A","Official figure",""
"QCL","Crops and livestock products","690","Seychelles","5312","Area harvested","01620","Tea leaves","2024","2024","ha","0","E","Estimated value",""
"QCL","Crops and livestock products","690","Seychelles","5510","Production","01620","Tea leaves","2024","2024","t","0","E","Estimated value",""
"QCL","Crops and livestock products","694","Sierra Leone","5312","Area harvested","01620","Tea leaves","2024","2024","ha","640","E","Estimated value",""
"QCL","Crops and livestock products","694","Sierra Leone","5412","Yield","01620","Tea leaves","2024","2024","kg/ha","7500","E","Estimated value",""
"QCL","Crops and livestock products","694","Sierra Leone","5510","Production","01620","Tea leaves","2024","2024","t","4800","E","Estimated value",""
"QCL","Crops and livestock products","710","South Africa","5312","Area harvested","01620","Tea leaves","2024","2024","ha","907","I","Value imputed by a receiving agency",""
"QCL","Crops and livestock products","710","South Africa","5412","Yield","01620","Tea leaves","2024","2024","kg/ha","1979.3","E","Estimated value",""
"QCL","Crops and livestock products","710","South Africa","5510","Production","01620","Tea leaves","2024","2024","t","1796.05","E","Estimated value",""
"QCL","Crops and livestock products","144","Sri Lanka","5312","Area harvested","01620","Tea leaves","2024","2024","ha","268829","A","Official figure",""
"QCL","Crops and livestock products","144","Sri Lanka","5412","Yield","01620","Tea leaves","2024","2024","kg/ha","5631.9","E","Estimated value",""
"QCL","Crops and livestock products","144","Sri Lanka","5510","Production","01620","Tea leaves","2024","2024","t","1514023.77","I","Value imputed by a receiving agency",""
"QCL","Crops and livestock products","764","Thailand","5312","Area harvested","01620","Tea leaves","2024","2024","ha","21394","A","Official figure",""
"QCL","Crops and livestock products","764","Thailand","5412","Yield","01620","Tea leaves","2024","2024","kg/ha","4984.7","A","Official figure",""
"QCL","Crops and livestock products","764","Thailand","5510","Production","01620","Tea leaves","2024","2024","t","106643","A","Official figure",""
"QCL","Crops and livestock products","792","Türkiye","5312","Area harvested","01620","Tea leaves","2024","2024","ha","81010","A","Official figure",""
"QCL","Crops and livestock products","792","Türkiye","5412","Yield","01620","Tea leaves","2024","2024","kg/ha","17454.6","A","Official figure",""
"QCL","Crops and livestock products","792","Türkiye","5510","Production","01620","Tea leaves","2024","2024","t","1414000","A","Official figure",""
"QCL","Crops and livestock products","800","Uganda","5312","Area harvested","01620","Tea leaves","2024","2024","ha","44765","I","Value imputed by a receiving agency",""
"QCL","Crops and livestock products","800","Uganda","5412","Yield","01620","Tea leaves","2024","2024","kg/ha","9269.4","E","Estimated value",""
"QCL","Crops and livestock products","800","Uganda","5510","Production","01620","Tea leaves","2024","2024","t","414945.47","I","Value imputed by a receiving agency",""
"QCL","Crops and livestock products","834","United Republic of Tanzania","5312","Area harvested","01620","Tea leaves","2024","2024","ha","17185","I","Value imputed by a receiving agency",""
"QCL","Crops and livestock products","834","United Republic of Tanzania","5412","Yield","01620","Tea leaves","2024","2024","kg/ha","7494","E","Estimated value",""
"QCL","Crops and livestock products","834","United Republic of Tanzania","5510","Production","01620","Tea leaves","2024","2024","t","128783.01","I","Value imputed by a receiving agency",""
"QCL","Crops and livestock products","704","Viet Nam","5312","Area harvested","01620","Tea leaves","2024","2024","ha","113037","A","Official figure",""
"QCL","Crops and livestock products","704","Viet Nam","5412","Yield","01620","Tea leaves","2024","2024","kg/ha","10213.6","A","Official figure",""
"QCL","Crops and livestock products","704","Viet Nam","5510","Production","01620","Tea leaves","2024","2024","t","1154510","A","Official figure",""
"QCL","Crops and livestock products","894","Zambia","5312","Area harvested","01620","Tea leaves","2024","2024","ha","687","E","Estimated value",""
"QCL","Crops and livestock products","894","Zambia","5412","Yield","01620","Tea leaves","2024","2024","kg/ha","1415.1","E","Estimated value",""
"QCL","Crops and livestock products","894","Zambia","5510","Production","01620","Tea leaves","2024","2024","t","971.46","E","Estimated value",""
"QCL","Crops and livestock products","716","Zimbabwe","5312","Area harvested","01620","Tea leaves","2024","2024","ha","4868","A","Official figure",""
"QCL","Crops and livestock products","716","Zimbabwe","5412","Yield","01620","Tea leaves","2024","2024","kg/ha","11149.1","E","Estimated value",""
"QCL","Crops and livestock products","716","Zimbabwe","5510","Production","01620","Tea leaves","2024","2024","t","54273.67","I","Value imputed by a receiving agency",""
