Domain Code,Domain,Area Code (M49),Area,Element Code,Element,Item Code (FAO),Item,Year Code,Year,Unit,Value,Flag,Flag Description,Note
"TCL","Crops and livestock products","004","Afghanistan","5910","Export quantity","667","Tea leaves","2024","2024","t","9.65","X","Figure from external organization","Estimated data using trading partners database"
"TCL","Crops and livestock products","004","Afghanistan","5922","Export value","667","Tea leaves","2024","2024","1000 USD","67","X","Figure from external organization","Estimated data using trading partners database"
"TCL","Crops and livestock products","008","Albania","5910","Export quantity","667","Tea leaves","2024","2024","t","1.59","A","Official figure",""
"TCL","Crops and livestock products","008","Albania","5922","Export value","667","Tea leaves","2024","2024","1000 USD","32","A","Official figure",""
"TCL","Crops and livestock products","012","Algeria","5910","Export quantity","667","Tea leaves","2024","2024","t","8.66","X","Figure from external organization","Estimated data using trading partners database"
"TCL","Crops and livestock products","012","Algeria","5922","Export value","667","Tea leaves","2024","2024","1000 USD","9","X","Figure from external organization","Estimated data using trading partners database"
"TCL","Crops and livestock products","024","Angola","5910","Export quantity","667","Tea leaves","2024","2024","t","29.48","A","Official figure",""
"TCL","Crops and livestock products","024","Angola","5922","Export value","667","Tea leaves","2024","2024","1000 USD","8","A","Official figure",""
"TCL","Crops and livestock products","028","Antigua and Barbuda","5910","Export quantity","667","Tea leaves","2024","2024","t","0.17","A","Official figure",""
"TCL","Crops and livestock products","028","Antigua and Barbuda","5922","Export value","667","Tea leaves","2024","2024","1000 USD","6","A","Official figure",""
"TCL","Crops and livestock products","032","Argentina","5910","Export quantity","667","Tea leaves","2024","2024","t","56959.79","A","Official figure",""
"TCL","Crops and livestock products","032","Argentina","5922","Export value","667","Tea leaves","2024","2024","1000 USD","64555","A","Official figure",""
"TCL","Crops and livestock products","051","Armenia","5910","Export quantity","667","Tea leaves","2024","2024","t","75.94","A","Official figure",""
"TCL","Crops and livestock products","051","Armenia","5922","Export value","667","Tea leaves","2024","2024","1000 USD","448","A","Official figure",""
"TCL","Crops and livestock products","036","Australia","5910","Export quantity","667","Tea leaves","2024","2024","t","1281.7","A","Official figure",""
"TCL","Crops and livestock products","036","Australia","5922","Export value","667","Tea leaves","2024","2024","1000 USD","4851","A","Official figure",""
"TCL","Crops and livestock products","040","Austria","5910","Export quantity","667","Tea leaves","2024","2024","t","684.63","A","Official figure",""
"TCL","Crops and livestock products","040","Austria","5922","Export value","667","Tea leaves","2024","2024","1000 USD","8608","A","Official figure",""
"TCL","Crops and livestock products","031","Azerbaijan","5910","Export quantity","667","Tea leaves","2024","2024","t","747.12","A","Official figure",""
"TCL","Crops and livestock products","031","Azerbaijan","5922","Export value","667","Tea leaves","2024","2024","1000 USD","6634","A","Official figure",""
"TCL","Crops and livestock products","044","Bahamas","5910","Export quantity","667","Tea leaves","2024","2024","t","0.01","X","Figure from external organization","Estimated data using trading partners database"
"TCL","Crops and livestock products","044","Bahamas","5922","Export value","667","Tea leaves","2024","2024","1000 USD","0","X","Figure from external organization","Estimated data using trading partners database"
"TCL","Crops and livestock products","048","Bahrain","5910","Export quantity","667","Tea leaves","2024","2024","t","0.89","X","Figure from external organization","Estimated data using trading partners database"
"TCL","Crops and livestock products","048","Bahrain","5922","Export value","667","Tea leaves","2024","2024","1000 USD","6","X","Figure from external organization","Estimated data using trading partners database"
"TCL","Crops and livestock products","050","Bangladesh","5910","Export quantity","667","Tea leaves","2024","2024","t","926.1","X","Figure from external organization","Estimated data using trading partners database"
"TCL","Crops and livestock products","050","Bangladesh","5922","Export value","667","Tea leaves","2024","2024","1000 USD","2207","X","Figure from external organization","Estimated data using trading partners database"
"TCL","Crops and livestock products","052","Barbados","5910","Export quantity","667","Tea leaves","2024","2024","t","3.14","A","Official figure",""
"TCL","Crops and livestock products","052","Barbados","5922","Export value","667","Tea leaves","2024","2024","1000 USD","41","A","Official figure",""
"TCL","Crops and livestock products","112","Belarus","5910","Export quantity","667","Tea leaves","2024","2024","t","4.63","X","Figure from external organization","Estimated data using trading partners database"
"TCL","Crops and livestock products","112","Belarus","5922","Export value","667","Tea leaves","2024","2024","1000 USD","42","X","Figure from external organization","Estimated data using trading partners database"
"TCL","Crops and livestock products","056","Belgium","5910","Export quantity","667","Tea leaves","2024","2024","t","6686.36","A","Official figure",""
"TCL","Crops and livestock products","056","Belgium","5922","Export value","667","Tea leaves","2024","2024","1000 USD","42835","A","Official figure",""
"TCL","Crops and livestock products","204","Benin","5910","Export quantity","667","Tea leaves","2024","2024","t","1.2","A","Official figure",""
"TCL","Crops and livestock products","204","Benin","5922","Export value","667","Tea leaves","2024","2024","1000 USD","2","A","Official figure",""
"TCL","Crops and livestock products","064","Bhutan","5910","Export quantity","667","Tea leaves","2024","2024","t","0.09","X","Figure from external organization","Estimated data using trading partners database"
"TCL","Crops and livestock products","064","Bhutan","5922","Export value","667","Tea leaves","2024","2024","1000 USD","4","X","Figure from external organization","Estimated data using trading partners database"
"TCL","Crops and livestock products","070","Bosnia and Herzegovina","5910","Export quantity","667","Tea leaves","2024","2024","t","2.66","A","Official figure",""
"TCL","Crops and livestock products","070","Bosnia and Herzegovina","5922","Export value","667","Tea leaves","2024","2024","1000 USD","47","A","Official figure",""
"TCL","Crops and livestock products","072","Botswana","5910","Export quantity","667","Tea leaves","2024","2024","t","0.26","X","Figure from external organization","Estimated data using trading partners database"
"TCL","Crops and livestock products","072","Botswana","5922","Export value","667","Tea leaves","2024","2024","1000 USD","2","X","Figure from external organization","Estimated data using trading partners database"
"TCL","Crops and livestock products","076","Brazil","5910","Export quantity","667","Tea leaves","2024","2024","t","229.5","I","Value imputed by a receiving agency",""
"TCL","Crops and livestock products","076","Brazil","5922","Export value","667","Tea leaves","2024","2024","1000 USD","1683","A","Official figure",""
"TCL","Crops and livestock products","096","Brunei Darussalam","5910","Export quantity","667","Tea leaves","2024","2024","t","0.16","A","Official figure",""
"TCL","Crops and livestock products","096","Brunei Darussalam","5922","Export value","667","Tea leaves","2024","2024","1000 USD","1","A","Official figure",""
"TCL","Crops and livestock products","100","Bulgaria","5910","Export quantity","667","Tea leaves","2024","2024","t","99.18","A","Official figure",""
"TCL","Crops and livestock products","100","Bulgaria","5922","Export value","667","Tea leaves","2024","2024","1000 USD","632","A","Official figure",""
"TCL","Crops and livestock products","854","Burkina Faso","5910","Export quantity","667","Tea leaves","2024","2024","t","26.3","A","Official figure",""
"TCL","Crops and livestock products","854","Burkina Faso","5922","Export value","667","Tea leaves","2024","2024","1000 USD","22","A","Official figure",""
"TCL","Crops and livestock products","108","Burundi","5910","Export quantity","667","Tea leaves","2024","2024","t","7407","A","Official figure",""
"TCL","Crops and livestock products","108","Burundi","5922","Export value","667","Tea leaves","2024","2024","1000 USD","14331","A","Official figure",""
"TCL","Crops and livestock products","116","Cambodia","5910","Export quantity","667","Tea leaves","2024","2024","t","4.46","A","Official figure",""
"TCL","Crops and livestock products","116","Cambodia","5922","Export value","667","Tea leaves","2024","2024","1000 USD","95","A","Official figure",""
"TCL","Crops and livestock products","120","Cameroon","5910","Export quantity","667","Tea leaves","2024","2024","t","62.56","I","Value imputed by a receiving agency",""
"TCL","Crops and livestock products","120","Cameroon","5922","Export value","667","Tea leaves","2024","2024","1000 USD","58","X","Figure from external organization","Estimated data using trading partners database"
"TCL","Crops and livestock products","124","Canada","5910","Export quantity","667","Tea leaves","2024","2024","t","3910.87","A","Official figure",""
"TCL","Crops and livestock products","124","Canada","5922","Export value","667","Tea leaves","2024","2024","1000 USD","35429","A","Official figure",""
"TCL","Crops and livestock products","148","Chad","5910","Export quantity","667","Tea leaves","2024","2024","t","0.02","X","Figure from external organization","Estimated data using trading partners database"
"TCL","Crops and livestock products","148","Chad","5922","Export value","667","Tea leaves","2024","2024","1000 USD","1","X","Figure from external organization","Estimated data using trading partners database"
"TCL","Crops and livestock products","152","Chile","5910","Export quantity","667","Tea leaves","2024","2024","t","96.85","A","Official figure",""
"TCL","Crops and livestock products","152","Chile","5922","Export value","667","Tea leaves","2024","2024","1000 USD","1542","A","Official figure",""
"TCL","Crops and livestock products","159","China","5910","Export quantity","667","Tea leaves","2024","2024","t","382693.67","A","Official figure",""
"TCL","Crops and livestock products","159","China","5922","Export value","667","Tea leaves","2024","2024","1000 USD","1521757","A","Official figure",""
"TCL","Crops and livestock products","344","China, Hong Kong SAR","5910","Export quantity","667","Tea leaves","2024","2024","t","1315.2","A","Official figure",""
"TCL","Crops and livestock products","344","China, Hong Kong SAR","5922","Export value","667","Tea leaves","2024","2024","1000 USD","15803","A","Official figure",""
"TCL","Crops and livestock products","446","China, Macao SAR","5910","Export quantity","667","Tea leaves","2024","2024","t","2.76","A","Official figure",""
"TCL","Crops and livestock products","446","China, Macao SAR","5922","Export value","667","Tea leaves","2024","2024","1000 USD","27","A","Official figure",""
"TCL","Crops and livestock products","156","China, mainland","5910","Export quantity","667","Tea leaves","2024","2024","t","374121.64","A","Official figure",""
"TCL","Crops and livestock products","156","China, mainland","5922","Export value","667","Tea leaves","2024","2024","1000 USD","1418933","A","Official figure",""
"TCL","Crops and livestock products","158","China, Taiwan Province of","5910","Export quantity","667","Tea leaves","2024","2024","t","7254.08","A","Official figure",""
"TCL","Crops and livestock products","158","China, Taiwan Province of","5922","Export value","667","Tea leaves","2024","2024","1000 USD","86994","A","Official figure",""
"TCL","Crops and livestock products","170","Colombia","5910","Export quantity","667","Tea leaves","2024","2024","t","148.31","A","Official figure",""
"TCL","Crops and livestock products","170","Colombia","5922","Export value","667","Tea leaves","2024","2024","1000 USD","2488","A","Official figure",""
"TCL","Crops and livestock products","174","Comoros","5910","Export quantity","667","Tea leaves","2024","2024","t","0.01","X","Figure from external organization","Estimated data using trading partners database"
"TCL","Crops and livestock products","174","Comoros","5922","Export value","667","Tea leaves","2024","2024","1000 USD","0","X","Figure from external organization","Estimated data using trading partners database"
"TCL","Crops and livestock products","178","Congo","5910","Export quantity","667","Tea leaves","2024","2024","t","33.1","X","Figure from external organization","Estimated data using trading partners database"
"TCL","Crops and livestock products","178","Congo","5922","Export value","667","Tea leaves","2024","2024","1000 USD","155","X","Figure from external organization","Estimated data using trading partners database"
"TCL","Crops and livestock products","188","Costa Rica","5910","Export quantity","667","Tea leaves","2024","2024","t","126.02","A","Official figure",""
"TCL","Crops and livestock products","188","Costa Rica","5922","Export value","667","Tea leaves","2024","2024","1000 USD","1325","A","Official figure",""
"TCL","Crops and livestock products","384","Côte d'Ivoire","5910","Export quantity","667","Tea leaves","2024","2024","t","790.18","A","Official figure",""
"TCL","Crops and livestock products","384","Côte d'Ivoire","5922","Export value","667","Tea leaves","2024","2024","1000 USD","193","A","Official figure",""
"TCL","Crops and livestock products","191","Croatia","5910","Export quantity","667","Tea leaves","2024","2024","t","43.6","A","Official figure",""
"TCL","Crops and livestock products","191","Croatia","5922","Export value","667","Tea leaves","2024","2024","1000 USD","829","A","Official figure",""
"TCL","Crops and livestock products","196","Cyprus","5910","Export quantity","667","Tea leaves","2024","2024","t","0.1","A","Official figure",""
"TCL","Crops and livestock products","196","Cyprus","5922","Export value","667","Tea leaves","2024","2024","1000 USD","3","A","Official figure",""
"TCL","Crops and livestock products","203","Czechia","5910","Export quantity","667","Tea leaves","2024","2024","t","1056.43","A","Official figure",""
"TCL","Crops and livestock products","203","Czechia","5922","Export value","667","Tea leaves","2024","2024","1000 USD","15370","A","Official figure",""
"TCL","Crops and livestock products","408","Democratic People's Republic of Korea","5910","Export quantity","667","Tea leaves","2024","2024","t","0.05","X","Figure from external organization","Estimated data using trading partners database"
"TCL","Crops and livestock products","408","Democratic People's Republic of Korea","5922","Export value","667","Tea leaves","2024","2024","1000 USD","1","X","Figure from external organization","Estimated data using trading partners database"
"TCL","Crops and livestock products","180","Democratic Republic of the Congo","5910","Export quantity","667","Tea leaves","2024","2024","t","5.14","X","Figure from external organization","Estimated data using trading partners database"
"TCL","Crops and livestock products","180","Democratic Republic of the Congo","5922","Export value","667","Tea leaves","2024","2024","1000 USD","4","X","Figure from external organization","Estimated data using trading partners database"
"TCL","Crops and livestock products","208","Denmark","5910","Export quantity","667","Tea leaves","2024","2024","t","532.87","A","Official figure",""
"TCL","Crops and livestock products","208","Denmark","5922","Export value","667","Tea leaves","2024","2024","1000 USD","10789","A","Official figure",""
"TCL","Crops and livestock products","212","Dominica","5910","Export quantity","667","Tea leaves","2024","2024","t","0.02","X","Figure from external organization","Estimated data using trading partners database"
"TCL","Crops and livestock products","212","Dominica","5922","Export value","667","Tea leaves","2024","2024","1000 USD","0","X","Figure from external organization","Estimated data using trading partners database"
"TCL","Crops and livestock products","214","Dominican Republic","5910","Export quantity","667","Tea leaves","2024","2024","t","3.48","A","Official figure",""
"TCL","Crops and livestock products","214","Dominican Republic","5922","Export value","667","Tea leaves","2024","2024","1000 USD","9","A","Official figure",""
"TCL","Crops and livestock products","218","Ecuador","5910","Export quantity","667","Tea leaves","2024","2024","t","473.27","A","Official figure",""
"TCL","Crops and livestock products","218","Ecuador","5922","Export value","667","Tea leaves","2024","2024","1000 USD","1175","A","Official figure",""
"TCL","Crops and livestock products","818","Egypt","5910","Export quantity","667","Tea leaves","2024","2024","t","4994.16","I","Value imputed by a receiving agency",""
"TCL","Crops and livestock products","818","Egypt","5922","Export value","667","Tea leaves","2024","2024","1000 USD","22739","A","Official figure",""
"TCL","Crops and livestock products","222","El Salvador","5910","Export quantity","667","Tea leaves","2024","2024","t","1.34","A","Official figure",""
"TCL","Crops and livestock products","222","El Salvador","5922","Export value","667","Tea leaves","2024","2024","1000 USD","20","A","Official figure",""
"TCL","Crops and livestock products","232","Eritrea","5910","Export quantity","667","Tea leaves","2024","2024","t","0","X","Figure from external organization","Estimated data using trading partners database"
"TCL","Crops and livestock products","232","Eritrea","5922","Export value","667","Tea leaves","2024","2024","1000 USD","0","X","Figure from external organization","Estimated data using trading partners database"
"TCL","Crops and livestock products","233","Estonia","5910","Export quantity","667","Tea leaves","2024","2024","t","168.55","A","Official figure",""
"TCL","Crops and livestock products","233","Estonia","5922","Export value","667","Tea leaves","2024","2024","1000 USD","1639","A","Official figure",""
"TCL","Crops and livestock products","748","Eswatini","5910","Export quantity","667","Tea leaves","2024","2024","t","0.04","A","Official figure",""
"TCL","Crops and livestock products","748","Eswatini","5922","Export value","667","Tea leaves","2024","2024","1000 USD","0","A","Official figure",""
"TCL","Crops and livestock products","231","Ethiopia","5910","Export quantity","667","Tea leaves","2024","2024","t","788.43","X","Figure from external organization","Estimated data using trading partners database"
"TCL","Crops and livestock products","231","Ethiopia","5922","Export value","667","Tea leaves","2024","2024","1000 USD","1555","X","Figure from external organization","Estimated data using trading partners database"
"TCL","Crops and livestock products","242","Fiji","5910","Export quantity","667","Tea leaves","2024","2024","t","70.58","A","Official figure",""
"TCL","Crops and livestock products","242","Fiji","5922","Export value","667","Tea leaves","2024","2024","1000 USD","513","A","Official figure",""
"TCL","Crops and livestock products","246","Finland","5910","Export quantity","667","Tea leaves","2024","2024","t","46.98","A","Official figure",""
"TCL","Crops and livestock products","246","Finland","5922","Export value","667","Tea leaves","2024","2024","1000 USD","975","A","Official figure",""
"TCL","Crops and livestock products","250","France","5910","Export quantity","667","Tea leaves","2024","2024","t","2936.03","A","Official figure",""
"TCL","Crops and livestock products","250","France","5922","Export value","667","Tea leaves","2024","2024","1000 USD","68902","A","Official figure",""
"TCL","Crops and livestock products","258","French Polynesia","5910","Export quantity","667","Tea leaves","2024","2024","t","0.11","X","Figure from external organization","Estimated data using trading partners database"
"TCL","Crops and livestock products","258","French Polynesia","5922","Export value","667","Tea leaves","2024","2024","1000 USD","1","X","Figure from external organization","Estimated data using trading partners database"
"TCL","Crops and livestock products","266","Gabon","5910","Export quantity","667","Tea leaves","2024","2024","t","0.08","X","Figure from external organization","Estimated data using trading partners database"
"TCL","Crops and livestock products","266","Gabon","5922","Export value","667","Tea leaves","2024","2024","1000 USD","0","X","Figure from external organization","Estimated data using trading partners database"
"TCL","Crops and livestock products","270","Gambia","5910","Export quantity","667","Tea leaves","2024","2024","t","130.85","A","Official figure",""
"TCL","Crops and livestock products","270","Gambia","5922","Export value","667","Tea leaves","2024","2024","1000 USD","42","A","Official figure",""
"TCL","Crops and livestock products","268","Georgia","5910","Export quantity","667","Tea leaves","2024","2024","t","1689.66","A","Official figure",""
"TCL","Crops and livestock products","268","Georgia","5922","Export value","667","Tea leaves","2024","2024","1000 USD","2872","A","Official figure",""
"TCL","Crops and livestock products","276","Germany","5910","Export quantity","667","Tea leaves","2024","2024","t","21485.47","A","Official figure",""
"TCL","Crops and livestock products","276","Germany","5922","Export value","667","Tea leaves","2024","2024","1000 USD","250784","A","Official figure",""
"TCL","Crops and livestock products","288","Ghana","5910","Export quantity","667","Tea leaves","2024","2024","t","113.4","X","Figure from external organization","Estimated data using trading partners database"
"TCL","Crops and livestock products","288","Ghana","5922","Export value","667","Tea leaves","2024","2024","1000 USD","134","X","Figure from external organization","Estimated data using trading partners database"
"TCL","Crops and livestock products","300","Greece","5910","Export quantity","667","Tea leaves","2024","2024","t","186.16","A","Official figure",""
"TCL","Crops and livestock products","300","Greece","5922","Export value","667","Tea leaves","2024","2024","1000 USD","1418","A","Official figure",""
"TCL","Crops and livestock products","308","Grenada","5910","Export quantity","667","Tea leaves","2024","2024","t","37.65","I","Value imputed by a receiving agency",""
"TCL","Crops and livestock products","308","Grenada","5922","Export value","667","Tea leaves","2024","2024","1000 USD","8","A","Official figure",""
"TCL","Crops and livestock products","320","Guatemala","5910","Export quantity","667","Tea leaves","2024","2024","t","2.1","A","Official figure",""
"TCL","Crops and livestock products","320","Guatemala","5922","Export value","667","Tea leaves","2024","2024","1000 USD","10","A","Official figure",""
"TCL","Crops and livestock products","324","Guinea","5910","Export quantity","667","Tea leaves","2024","2024","t","1.21","X","Figure from external organization","Estimated data using trading partners database"
"TCL","Crops and livestock products","324","Guinea","5922","Export value","667","Tea leaves","2024","2024","1000 USD","7","X","Figure from external organization","Estimated data using trading partners database"
"TCL","Crops and livestock products","624","Guinea-Bissau","5910","Export quantity","667","Tea leaves","2024","2024","t","0.01","X","Figure from external organization","Estimated data using trading partners database"
"TCL","Crops and livestock products","624","Guinea-Bissau","5922","Export value","667","Tea leaves","2024","2024","1000 USD","0","X","Figure from external organization","Estimated data using trading partners database"
"TCL","Crops and livestock products","328","Guyana","5910","Export quantity","667","Tea leaves","2024","2024","t","0.84","A","Official figure",""
"TCL","Crops and livestock products","328","Guyana","5922","Export value","667","Tea leaves","2024","2024","1000 USD","1","A","Official figure",""
"TCL","Crops and livestock products","332","Haiti","5910","Export quantity","667","Tea leaves","2024","2024","t","3.46","X","Figure from external organization","Estimated data using trading partners database"
"TCL","Crops and livestock products","332","Haiti","5922","Export value","667","Tea leaves","2024","2024","1000 USD","28","X","Figure from external organization","Estimated data using trading partners database"
"TCL","Crops and livestock products","340","Honduras","5910","Export quantity","667","Tea leaves","2024","2024","t","0","A","Official figure",""
"TCL","Crops and livestock products","340","Honduras","5922","Export value","667","Tea leaves","2024","2024","1000 USD","0","A","Official figure",""
"TCL","Crops and livestock products","348","Hungary","5910","Export quantity","667","Tea leaves","2024","2024","t","52.41","A","Official figure",""
"TCL","Crops and livestock products","348","Hungary","5922","Export value","667","Tea leaves","2024","2024","1000 USD","1302","A","Official figure",""
"TCL","Crops and livestock products","352","Iceland","5910","Export quantity","667","Tea leaves","2024","2024","t","0.17","I","Value imputed by a receiving agency",""
"TCL","Crops and livestock products","352","Iceland","5922","Export value","667","Tea leaves","2024","2024","1000 USD","14","A","Official figure",""
"TCL","Crops and livestock products","356","India","5910","Export quantity","667","Tea leaves","2024","2024","t","249985.74","A","Official figure",""
"TCL","Crops and livestock products","356","India","5922","Export value","667","Tea leaves","2024","2024","1000 USD","804157","A","Official figure",""
"TCL","Crops and livestock products","360","Indonesia","5910","Export quantity","667","Tea leaves","2024","2024","t","34001.62","A","Official figure",""
"TCL","Crops and livestock products","360","Indonesia","5922","Export value","667","Tea leaves","2024","2024","1000 USD","52852","A","Official figure",""
"TCL","Crops and livestock products","364","Iran (Islamic Republic of)","5910","Export quantity","667","Tea leaves","2024","2024","t","7046.92","X","Figure from external organization","Estimated data using trading partners database"
"TCL","Crops and livestock products","364","Iran (Islamic Republic of)","5922","Export value","667","Tea leaves","2024","2024","1000 USD","8822","X","Figure from external organization","Estimated data using trading partners database"
"TCL","Crops and livestock products","368","Iraq","5910","Export quantity","667","Tea leaves","2024","2024","t","77.03","X","Figure from external organization","Estimated data using trading partners database"
"TCL","Crops and livestock products","368","Iraq","5922","Export value","667","Tea leaves","2024","2024","1000 USD","296","X","Figure from external organization","Estimated data using trading partners database"
"TCL","Crops and livestock products","372","Ireland","5910","Export quantity","667","Tea leaves","2024","2024","t","1265.74","A","Official figure",""
"TCL","Crops and livestock products","372","Ireland","5922","Export value","667","Tea leaves","2024","2024","1000 USD","10485","A","Official figure",""
"TCL","Crops and livestock products","376","Israel","5910","Export quantity","667","Tea leaves","2024","2024","t","139.98","I","Value imputed by a receiving agency",""
"TCL","Crops and livestock products","376","Israel","5922","Export value","667","Tea leaves","2024","2024","1000 USD","2921","A","Official figure",""
"TCL","Crops and livestock products","380","Italy","5910","Export quantity","667","Tea leaves","2024","2024","t","1337.42","A","Official figure",""
"TCL","Crops and livestock products","380","Italy","5922","Export value","667","Tea leaves","2024","2024","1000 USD","8982","A","Official figure",""
"TCL","Crops and livestock products","388","Jamaica","5910","Export quantity","667","Tea leaves","2024","2024","t","571.86","X","Figure from external organization","Estimated data using trading partners database"
"TCL","Crops and livestock products","388","Jamaica","5922","Export value","667","Tea leaves","2024","2024","1000 USD","1630","X","Figure from external organization","Estimated data using trading partners database"
"TCL","Crops and livestock products","392","Japan","5910","Export quantity","667","Tea leaves","2024","2024","t","8884.64","A","Official figure",""
"TCL","Crops and livestock products","392","Japan","5922","Export value","667","Tea leaves","2024","2024","1000 USD","242385","A","Official figure",""
"TCL","Crops and livestock products","400","Jordan","5910","Export quantity","667","Tea leaves","2024","2024","t","6071.1","X","Figure from external organization","Estimated data using trading partners database"
"TCL","Crops and livestock products","400","Jordan","5922","Export value","667","Tea leaves","2024","2024","1000 USD","37896","X","Figure from external organization","Estimated data using trading partners database"
"TCL","Crops and livestock products","398","Kazakhstan","5910","Export quantity","667","Tea leaves","2024","2024","t","5075.17","A","Official figure",""
"TCL","Crops and livestock products","398","Kazakhstan","5922","Export value","667","Tea leaves","2024","2024","1000 USD","26856","A","Official figure",""
"TCL","Crops and livestock products","404","Kenya","5910","Export quantity","667","Tea leaves","2024","2024","t","466669.73","I","Value imputed by a receiving agency",""
"TCL","Crops and livestock products","404","Kenya","5922","Export value","667","Tea leaves","2024","2024","1000 USD","1080785","X","Figure from external organization","Estimated data using trading partners database"
"TCL","Crops and livestock products","296","Kiribati","5910","Export quantity","667","Tea leaves","2024","2024","t","15.7","X","Figure from external organization","Estimated data using trading partners database"
"TCL","Crops and livestock products","296","Kiribati","5922","Export value","667","Tea leaves","2024","2024","1000 USD","30","X","Figure from external organization","Estimated data using trading partners database"
"TCL","Crops and livestock products","414","Kuwait","5910","Export quantity","667","Tea leaves","2024","2024","t","0.54","X","Figure from external organization","Estimated data using trading partners database"
"TCL","Crops and livestock products","414","Kuwait","5922","Export value","667","Tea leaves","2024","2024","1000 USD","1","X","Figure from external organization","Estimated data using trading partners database"
"TCL","Crops and livestock products","417","Kyrgyzstan","5910","Export quantity","667","Tea leaves","2024","2024","t","37.42","A","Official figure",""
"TCL","Crops and livestock products","417","Kyrgyzstan","5922","Export value","667","Tea leaves","2024","2024","1000 USD","134","A","Official figure",""
"TCL","Crops and livestock products","418","Lao People's Democratic Republic","5910","Export quantity","667","Tea leaves","2024","2024","t","46.93","X","Figure from external organization","Estimated data using trading partners database"
"TCL","Crops and livestock products","418","Lao People's Democratic Republic","5922","Export value","667","Tea leaves","2024","2024","1000 USD","264","X","Figure from external organization","Estimated data using trading partners database"
"TCL","Crops and livestock products","428","Latvia","5910","Export quantity","667","Tea leaves","2024","2024","t","306.24","A","Official figure",""
"TCL","Crops and livestock products","428","Latvia","5922","Export value","667","Tea leaves","2024","2024","1000 USD","5214","A","Official figure",""
"TCL","Crops and livestock products","422","Lebanon","5910","Export quantity","667","Tea leaves","2024","2024","t","318.31","I","Value imputed by a receiving agency",""
"TCL","Crops and livestock products","422","Lebanon","5922","Export value","667","Tea leaves","2024","2024","1000 USD","1929","A","Official figure",""
"TCL","Crops and livestock products","426","Lesotho","5910","Export quantity","667","Tea leaves","2024","2024","t","278.23","A","Official figure",""
"TCL","Crops and livestock products","426","Lesotho","5922","Export value","667","Tea leaves","2024","2024","1000 USD","1492","A","Official figure",""
"TCL","Crops and livestock products","430","Liberia","5910","Export quantity","667","Tea leaves","2024","2024","t","0.05","X","Figure from external organization","Estimated data using trading partners database"
"TCL","Crops and livestock products","430","Liberia","5922","Export value","667","Tea leaves","2024","2024","1000 USD","1","X","Figure from external organization","Estimated data using trading partners database"
"TCL","Crops and livestock products","434","Libya","5910","Export quantity","667","Tea leaves","2024","2024","t","0","X","Figure from external organization","Estimated data using trading partners database"
"TCL","Crops and livestock products","434","Libya","5922","Export value","667","Tea leaves","2024","2024","1000 USD","0","X","Figure from external organization","Estimated data using trading partners database"
"TCL","Crops and livestock products","440","Lithuania","5910","Export quantity","667","Tea leaves","2024","2024","t","157","A","Official figure",""
"TCL","Crops and livestock products","440","Lithuania","5922","Export value","667","Tea leaves","2024","2024","1000 USD","2932","A","Official figure",""
"TCL","Crops and livestock products","442","Luxembourg","5910","Export quantity","667","Tea leaves","2024","2024","t","8.19","A","Official figure",""
"TCL","Crops and livestock products","442","Luxembourg","5922","Export value","667","Tea leaves","2024","2024","1000 USD","840","A","Official figure",""
"TCL","Crops and livestock products","450","Madagascar","5910","Export quantity","667","Tea leaves","2024","2024","t","5.67","X","Figure from external organization","Estimated data using trading partners database"
"TCL","Crops and livestock products","450","Madagascar","5922","Export value","667","Tea leaves","2024","2024","1000 USD","59","X","Figure from external organization","Estimated data using trading partners database"
"TCL","Crops and livestock products","454","Malawi","5910","Export quantity","667","Tea leaves","2024","2024","t","28251.79","A","Official figure",""
"TCL","Crops and livestock products","454","Malawi","5922","Export value","667","Tea leaves","2024","2024","1000 USD","69372","A","Official figure",""
"TCL","Crops and livestock products","458","Malaysia","5910","Export quantity","667","Tea leaves","2024","2024","t","6556.55","A","Official figure",""
"TCL","Crops and livestock products","458","Malaysia","5922","Export value","667","Tea leaves","2024","2024","1000 USD","13720","A","Official figure",""
"TCL","Crops and livestock products","466","Mali","5910","Export quantity","667","Tea leaves","2024","2024","t","36.49","X","Figure from external organization","Estimated data using trading partners database"
"TCL","Crops and livestock products","466","Mali","5922","Export value","667","Tea leaves","2024","2024","1000 USD","23","X","Figure from external organization","Estimated data using trading partners database"
"TCL","Crops and livestock products","470","Malta","5910","Export quantity","667","Tea leaves","2024","2024","t","0.01","A","Official figure",""
"TCL","Crops and livestock products","470","Malta","5922","Export value","667","Tea leaves","2024","2024","1000 USD","0","A","Official figure",""
"TCL","Crops and livestock products","584","Marshall Islands","5910","Export quantity","667","Tea leaves","2024","2024","t","0.01","X","Figure from external organization","Estimated data using trading partners database"
"TCL","Crops and livestock products","584","Marshall Islands","5922","Export value","667","Tea leaves","2024","2024","1000 USD","0","X","Figure from external organization","Estimated data using trading partners database"
"TCL","Crops and livestock products","478","Mauritania","5910","Export quantity","667","Tea leaves","2024","2024","t","298.5","A","Official figure",""
"TCL","Crops and livestock products","478","Mauritania","5922","Export value","667","Tea leaves","2024","2024","1000 USD","406","A","Official figure",""
"TCL","Crops and livestock products","480","Mauritius","5910","Export quantity","667","Tea leaves","2024","2024","t","20.63","A","Official figure",""
"TCL","Crops and livestock products","480","Mauritius","5922","Export value","667","Tea leaves","2024","2024","1000 USD","311","A","Official figure",""
"TCL","Crops and livestock products","484","Mexico","5910","Export quantity","667","Tea leaves","2024","2024","t","67.85","I","Value imputed by a receiving agency",""
"TCL","Crops and livestock products","484","Mexico","5922","Export value","667","Tea leaves","2024","2024","1000 USD","861","A","Official figure",""
"TCL","Crops and livestock products","496","Mongolia","5910","Export quantity","667","Tea leaves","2024","2024","t","3.65","X","Figure from external organization","Estimated data using trading partners database"
"TCL","Crops and livestock products","496","Mongolia","5922","Export value","667","Tea leaves","2024","2024","1000 USD","38","X","Figure from external organization","Estimated data using trading partners database"
"TCL","Crops and livestock products","499","Montenegro","5910","Export quantity","667","Tea leaves","2024","2024","t","26.88","A","Official figure",""
"TCL","Crops and livestock products","499","Montenegro","5922","Export value","667","Tea leaves","2024","2024","1000 USD","177","A","Official figure",""
"TCL","Crops and livestock products","504","Morocco","5910","Export quantity","667","Tea leaves","2024","2024","t","1068.57","X","Figure from external organization","Estimated data using trading partners database"
"TCL","Crops and livestock products","504","Morocco","5922","Export value","667","Tea leaves","2024","2024","1000 USD","18123","X","Figure from external organization","Estimated data using trading partners database"
"TCL","Crops and livestock products","508","Mozambique","5910","Export quantity","667","Tea leaves","2024","2024","t","1263.28","A","Official figure",""
"TCL","Crops and livestock products","508","Mozambique","5922","Export value","667","Tea leaves","2024","2024","1000 USD","3219","A","Official figure",""
"TCL","Crops and livestock products","104","Myanmar","5910","Export quantity","667","Tea leaves","2024","2024","t","2261.64","A","Official figure",""
"TCL","Crops and livestock products","104","Myanmar","5922","Export value","667","Tea leaves","2024","2024","1000 USD","1762","A","Official figure",""
"TCL","Crops and livestock products","516","Namibia","5910","Export quantity","667","Tea leaves","2024","2024","t","0.23","A","Official figure",""
"TCL","Crops and livestock products","516","Namibia","5922","Export value","667","Tea leaves","2024","2024","1000 USD","2","A","Official figure",""
"TCL","Crops and livestock products","524","Nepal","5910","Export quantity","667","Tea leaves","2024","2024","t","16317.53","X","Figure from external organization","Estimated data using trading partners database"
"TCL","Crops and livestock products","524","Nepal","5922","Export value","667","Tea leaves","2024","2024","1000 USD","29530","X","Figure from external organization","Estimated data using trading partners database"
"TCL","Crops and livestock products","528","Netherlands (Kingdom of the)","5910","Export quantity","667","Tea leaves","2024","2024","t","14241.52","A","Official figure",""
"TCL","Crops and livestock products","528","Netherlands (Kingdom of the)","5922","Export value","667","Tea leaves","2024","2024","1000 USD","112112","A","Official figure",""
"TCL","Crops and livestock products","540","New Caledonia","5910","Export quantity","667","Tea leaves","2024","2024","t","0.01","X","Figure from external organization","Estimated data using trading partners database"
"TCL","Crops and livestock products","540","New Caledonia","5922","Export value","667","Tea leaves","2024","2024","1000 USD","3","X","Figure from external organization","Estimated data using trading partners database"
"TCL","Crops and livestock products","554","New Zealand","5910","Export quantity","667","Tea leaves","2024","2024","t","194.22","A","Official figure",""
"TCL","Crops and livestock products","554","New Zealand","5922","Export value","667","Tea leaves","2024","2024","1000 USD","2012","A","Official figure",""
"TCL","Crops and livestock products","562","Niger","5910","Export quantity","667","Tea leaves","2024","2024","t","1228.87","A","Official figure",""
"TCL","Crops and livestock products","562","Niger","5922","Export value","667","Tea leaves","2024","2024","1000 USD","239","A","Official figure",""
"TCL","Crops and livestock products","566","Nigeria","5910","Export quantity","667","Tea leaves","2024","2024","t","633.8","X","Figure from external organization","Estimated data using trading partners database"
"TCL","Crops and livestock products","566","Nigeria","5922","Export value","667","Tea leaves","2024","2024","1000 USD","1012","X","Figure from external organization","Estimated data using trading partners database"
"TCL","Crops and livestock products","807","North Macedonia","5910","Export quantity","667","Tea leaves","2024","2024","t","3.38","A","Official figure",""
"TCL","Crops and livestock products","807","North Macedonia","5922","Export value","667","Tea leaves","2024","2024","1000 USD","34","A","Official figure",""
"TCL","Crops and livestock products","578","Norway","5910","Export quantity","667","Tea leaves","2024","2024","t","12.16","A","Official figure",""
"TCL","Crops and livestock products","578","Norway","5922","Export value","667","Tea leaves","2024","2024","1000 USD","175","A","Official figure",""
"TCL","Crops and livestock products","512","Oman","5910","Export quantity","667","Tea leaves","2024","2024","t","180.41","X","Figure from external organization","Estimated data using trading partners database"
"TCL","Crops and livestock products","512","Oman","5922","Export value","667","Tea leaves","2024","2024","1000 USD","1520","X","Figure from external organization","Estimated data using trading partners database"
"TCL","Crops and livestock products","586","Pakistan","5910","Export quantity","667","Tea leaves","2024","2024","t","3738.23","A","Official figure",""
"TCL","Crops and livestock products","586","Pakistan","5922","Export value","667","Tea leaves","2024","2024","1000 USD","20273","A","Official figure",""
"TCL","Crops and livestock products","598","Papua New Guinea","5910","Export quantity","667","Tea leaves","2024","2024","t","315.03","X","Figure from external organization","Estimated data using trading partners database"
"TCL","Crops and livestock products","598","Papua New Guinea","5922","Export value","667","Tea leaves","2024","2024","1000 USD","357","X","Figure from external organization","Estimated data using trading partners database"
"TCL","Crops and livestock products","600","Paraguay","5910","Export quantity","667","Tea leaves","2024","2024","t","0.68","A","Official figure",""
"TCL","Crops and livestock products","600","Paraguay","5922","Export value","667","Tea leaves","2024","2024","1000 USD","7","A","Official figure",""
"TCL","Crops and livestock products","604","Peru","5910","Export quantity","667","Tea leaves","2024","2024","t","1200.11","A","Official figure",""
"TCL","Crops and livestock products","604","Peru","5922","Export value","667","Tea leaves","2024","2024","1000 USD","6830","A","Official figure",""
"TCL","Crops and livestock products","608","Philippines","5910","Export quantity","667","Tea leaves","2024","2024","t","28.33","A","Official figure",""
"TCL","Crops and livestock products","608","Philippines","5922","Export value","667","Tea leaves","2024","2024","1000 USD","242","A","Official figure",""
"TCL","Crops and livestock products","616","Poland","5910","Export quantity","667","Tea leaves","2024","2024","t","20963.12","A","Official figure",""
"TCL","Crops and livestock products","616","Poland","5922","Export value","667","Tea leaves","2024","2024","1000 USD","265075","A","Official figure",""
"TCL","Crops and livestock products","620","Portugal","5910","Export quantity","667","Tea leaves","2024","2024","t","334.52","A","Official figure",""
"TCL","Crops and livestock products","620","Portugal","5922","Export value","667","Tea leaves","2024","2024","1000 USD","2831","A","Official figure",""
"TCL","Crops and livestock products","634","Qatar","5910","Export quantity","667","Tea leaves","2024","2024","t","1.69","X","Figure from external organization","Estimated data using trading partners database"
"TCL","Crops and livestock products","634","Qatar","5922","Export value","667","Tea leaves","2024","2024","1000 USD","12","X","Figure from external organization","Estimated data using trading partners database"
"TCL","Crops and livestock products","410","Republic of Korea","5910","Export quantity","667","Tea leaves","2024","2024","t","471.81","A","Official figure",""
"TCL","Crops and livestock products","410","Republic of Korea","5922","Export value","667","Tea leaves","2024","2024","1000 USD","20753","A","Official figure",""
"TCL","Crops and livestock products","498","Republic of Moldova","5910","Export quantity","667","Tea leaves","2024","2024","t","7.25","A","Official figure",""
"TCL","Crops and livestock products","498","Republic of Moldova","5922","Export value","667","Tea leaves","2024","2024","1000 USD","141","A","Official figure",""
"TCL","Crops and livestock products","642","Romania","5910","Export quantity","667","Tea leaves","2024","2024","t","28.24","A","Official figure",""
"TCL","Crops and livestock products","642","Romania","5922","Export value","667","Tea leaves","2024","2024","1000 USD","543","A","Official figure",""
"TCL","Crops and livestock products","643","Russian Federation","5910","Export quantity","667","Tea leaves","2024","2024","t","8247.21","I","Value imputed by a receiving agency",""
"TCL","Crops and livestock products","643","Russian Federation","5922","Export value","667","Tea leaves","2024","2024","1000 USD","40095","X","Figure from external organization","Estimated data using trading partners database"
"TCL","Crops and livestock products","646","Rwanda","5910","Export quantity","667","Tea leaves","2024","2024","t","20256.73","X","Figure from external organization","Estimated data using trading partners database"
"TCL","Crops and livestock products","646","Rwanda","5922","Export value","667","Tea leaves","2024","2024","1000 USD","53194","X","Figure from external organization","Estimated data using trading partners database"
"TCL","Crops and livestock products","659","Saint Kitts and Nevis","5910","Export quantity","667","Tea leaves","2024","2024","t","1.41","X","Figure from external organization","Estimated data using trading partners database"
"TCL","Crops and livestock products","659","Saint Kitts and Nevis","5922","Export value","667","Tea leaves","2024","2024","1000 USD","33","X","Figure from external organization","Estimated data using trading partners database"
"TCL","Crops and livestock products","662","Saint Lucia","5910","Export quantity","667","Tea leaves","2024","2024","t","0.64","X","Figure from external organization","Estimated data using trading partners database"
"TCL","Crops and livestock products","662","Saint Lucia","5922","Export value","667","Tea leaves","2024","2024","1000 USD","47","X","Figure from external organization","Estimated data using trading partners database"
"TCL","Crops and livestock products","670","Saint Vincent and the Grenadines","5910","Export quantity","667","Tea leaves","2024","2024","t","0.3","X","Figure from external organization","Estimated data using trading partners database"
"TCL","Crops and livestock products","670","Saint Vincent and the Grenadines","5922","Export value","667","Tea leaves","2024","2024","1000 USD","6","X","Figure from external organization","Estimated data using trading partners database"
"TCL","Crops and livestock products","882","Samoa","5910","Export quantity","667","Tea leaves","2024","2024","t","0.44","A","Official figure",""
"TCL","Crops and livestock products","882","Samoa","5922","Export value","667","Tea leaves","2024","2024","1000 USD","1","A","Official figure",""
"TCL","Crops and livestock products","678","Sao Tome and Principe","5910","Export quantity","667","Tea leaves","2024","2024","t","0","X","Figure from external organization","Estimated data using trading partners database"
"TCL","Crops and livestock products","678","Sao Tome and Principe","5922","Export value","667","Tea leaves","2024","2024","1000 USD","0","X","Figure from external organization","Estimated data using trading partners database"
"TCL","Crops and livestock products","682","Saudi Arabia","5910","Export quantity","667","Tea leaves","2024","2024","t","4696.78","A","Official figure",""
"TCL","Crops and livestock products","682","Saudi Arabia","5922","Export value","667","Tea leaves","2024","2024","1000 USD","25159","A","Official figure",""
"TCL","Crops and livestock products","686","Senegal","5910","Export quantity","667","Tea leaves","2024","2024","t","1114.16","A","Official figure",""
"TCL","Crops and livestock products","686","Senegal","5922","Export value","667","Tea leaves","2024","2024","1000 USD","3923","A","Official figure",""
"TCL","Crops and livestock products","688","Serbia","5910","Export quantity","667","Tea leaves","2024","2024","t","40.56","A","Official figure",""
"TCL","Crops and livestock products","688","Serbia","5922","Export value","667","Tea leaves","2024","2024","1000 USD","446","A","Official figure",""
"TCL","Crops and livestock products","694","Sierra Leone","5910","Export quantity","667","Tea leaves","2024","2024","t","32.36","X","Figure from external organization","Estimated data using trading partners database"
"TCL","Crops and livestock products","694","Sierra Leone","5922","Export value","667","Tea leaves","2024","2024","1000 USD","122","X","Figure from external organization","Estimated data using trading partners database"
"TCL","Crops and livestock products","702","Singapore","5910","Export quantity","667","Tea leaves","2024","2024","t","1575.45","A","Official figure",""
"TCL","Crops and livestock products","702","Singapore","5922","Export value","667","Tea leaves","2024","2024","1000 USD","30065","A","Official figure",""
"TCL","Crops and livestock products","703","Slovakia","5910","Export quantity","667","Tea leaves","2024","2024","t","31.16","A","Official figure",""
"TCL","Crops and livestock products","703","Slovakia","5922","Export value","667","Tea leaves","2024","2024","1000 USD","578","A","Official figure",""
"TCL","Crops and livestock products","705","Slovenia","5910","Export quantity","667","Tea leaves","2024","2024","t","68.97","A","Official figure",""
"TCL","Crops and livestock products","705","Slovenia","5922","Export value","667","Tea leaves","2024","2024","1000 USD","1266","A","Official figure",""
"TCL","Crops and livestock products","706","Somalia","5910","Export quantity","667","Tea leaves","2024","2024","t","0.23","X","Figure from external organization","Estimated data using trading partners database"
"TCL","Crops and livestock products","706","Somalia","5922","Export value","667","Tea leaves","2024","2024","1000 USD","2","X","Figure from external organization","Estimated data using trading partners database"
"TCL","Crops and livestock products","710","South Africa","5910","Export quantity","667","Tea leaves","2024","2024","t","6325.51","I","Value imputed by a receiving agency",""
"TCL","Crops and livestock products","710","South Africa","5922","Export value","667","Tea leaves","2024","2024","1000 USD","25814","A","Official figure",""
"TCL","Crops and livestock products","728","South Sudan","5910","Export quantity","667","Tea leaves","2024","2024","t","9.19","X","Figure from external organization","Estimated data using trading partners database"
"TCL","Crops and livestock products","728","South Sudan","5922","Export value","667","Tea leaves","2024","2024","1000 USD","8","X","Figure from external organization","Estimated data using trading partners database"
"TCL","Crops and livestock products","724","Spain","5910","Export quantity","667","Tea leaves","2024","2024","t","969.23","A","Official figure",""
"TCL","Crops and livestock products","724","Spain","5922","Export value","667","Tea leaves","2024","2024","1000 USD","13559","A","Official figure",""
"TCL","Crops and livestock products","144","Sri Lanka","5910","Export quantity","667","Tea leaves","2024","2024","t","242423.09","A","Official figure",""
"TCL","Crops and livestock products","144","Sri Lanka","5922","Export value","667","Tea leaves","2024","2024","1000 USD","1390313","A","Official figure",""
"TCL","Crops and livestock products","729","Sudan","5910","Export quantity","667","Tea leaves","2024","2024","t","179.34","X","Figure from external organization","Estimated data using trading partners database"
"TCL","Crops and livestock products","729","Sudan","5922","Export value","667","Tea leaves","2024","2024","1000 USD","440","X","Figure from external organization","Estimated data using trading partners database"
"TCL","Crops and livestock products","752","Sweden","5910","Export quantity","667","Tea leaves","2024","2024","t","738.23","A","Official figure",""
"TCL","Crops and livestock products","752","Sweden","5922","Export value","667","Tea leaves","2024","2024","1000 USD","8066","A","Official figure",""
"TCL","Crops and livestock products","756","Switzerland","5910","Export quantity","667","Tea leaves","2024","2024","t","6759.64","I","Value imputed by a receiving agency",""
"TCL","Crops and livestock products","756","Switzerland","5922","Export value","667","Tea leaves","2024","2024","1000 USD","28586","A","Official figure",""
"TCL","Crops and livestock products","760","Syrian Arab Republic","5910","Export quantity","667","Tea leaves","2024","2024","t","42.4","X","Figure from external organization","Estimated data using trading partners database"
"TCL","Crops and livestock products","760","Syrian Arab Republic","5922","Export value","667","Tea leaves","2024","2024","1000 USD","158","X","Figure from external organization","Estimated data using trading partners database"
"TCL","Crops and livestock products","762","Tajikistan","5910","Export quantity","667","Tea leaves","2024","2024","t","0.09","X","Figure from external organization","Estimated data using trading partners database"
"TCL","Crops and livestock products","762","Tajikistan","5922","Export value","667","Tea leaves","2024","2024","1000 USD","1","X","Figure from external organization","Estimated data using trading partners database"
"TCL","Crops and livestock products","764","Thailand","5910","Export quantity","667","Tea leaves","2024","2024","t","4253.32","I","Value imputed by a receiving agency",""
"TCL","Crops and livestock products","764","Thailand","5922","Export value","667","Tea leaves","2024","2024","1000 USD","27943","A","Official figure",""
"TCL","Crops and livestock products","768","Togo","5910","Export quantity","667","Tea leaves","2024","2024","t","921.98","A","Official figure",""
"TCL","Crops and livestock products","768","Togo","5922","Export value","667","Tea leaves","2024","2024","1000 USD","507","A","Official figure",""
"TCL","Crops and livestock products","776","Tonga","5910","Export quantity","667","Tea leaves","2024","2024","t","0.02","X","Figure from external organization","Estimated data using trading partners database"
"TCL","Crops and livestock products","776","Tonga","5922","Export value","667","Tea leaves","2024","2024","1000 USD","2","X","Figure from external organization","Estimated data using trading partners database"
"TCL","Crops and livestock products","780","Trinidad and Tobago","5910","Export quantity","667","Tea leaves","2024","2024","t","14.37","A","Official figure",""
"TCL","Crops and livestock products","780","Trinidad and Tobago","5922","Export value","667","Tea leaves","2024","2024","1000 USD","123","A","Official figure",""
"TCL","Crops and livestock products","788","Tunisia","5910","Export quantity","667","Tea leaves","2024","2024","t","0.32","X","Figure from external organization","Estimated data using trading partners database"
"TCL","Crops and livestock products","788","Tunisia","5922","Export value","667","Tea leaves","2024","2024","1000 USD","10","X","Figure from external organization","Estimated data using trading partners database"
"TCL","Crops and livestock products","792","Türkiye","5910","Export quantity","667","Tea leaves","2024","2024","t","5293.73","A","Official figure",""
"TCL","Crops and livestock products","792","Türkiye","5922","Export value","667","Tea leaves","2024","2024","1000 USD","26983","A","Official figure",""
"TCL","Crops and livestock products","800","Uganda","5910","Export quantity","667","Tea leaves","2024","2024","t","59860.15","A","Official figure",""
"TCL","Crops and livestock products","800","Uganda","5922","Export value","667","Tea leaves","2024","2024","1000 USD","56163","A","Official figure",""
"TCL","Crops and livestock products","804","Ukraine","5910","Export quantity","667","Tea leaves","2024","2024","t","506.76","A","Official figure",""
"TCL","Crops and livestock products","804","Ukraine","5922","Export value","667","Tea leaves","2024","2024","1000 USD","7509","A","Official figure",""
"TCL","Crops and livestock products","784","United Arab Emirates","5910","Export quantity","667","Tea leaves","2024","2024","t","60000","E","Estimated value",""
"TCL","Crops and livestock products","784","United Arab Emirates","5922","Export value","667","Tea leaves","2024","2024","1000 USD","350000","E","Estimated value",""
"TCL","Crops and livestock products","826","United Kingdom of Great Britain and Northern Ireland","5910","Export quantity","667","Tea leaves","2024","2024","t","14447.96","I","Value imputed by a receiving agency",""
"TCL","Crops and livestock products","826","United Kingdom of Great Britain and Northern Ireland","5922","Export value","667","Tea leaves","2024","2024","1000 USD","136490","A","Official figure",""
"TCL","Crops and livestock products","834","United Republic of Tanzania","5910","Export quantity","667","Tea leaves","2024","2024","t","15742.69","A","Official figure",""
"TCL","Crops and livestock products","834","United Republic of Tanzania","5922","Export value","667","Tea leaves","2024","2024","1000 USD","19441","A","Official figure",""
"TCL","Crops and livestock products","840","United States of America","5910","Export quantity","667","Tea leaves","2024","2024","t","14817.31","A","Official figure",""
"TCL","Crops and livestock products","840","United States of America","5922","Export value","667","Tea leaves","2024","2024","1000 USD","97149","A","Official figure",""
"TCL","Crops and livestock products","858","Uruguay","5910","Export quantity","667","Tea leaves","2024","2024","t","2.03","X","Figure from external organization","Estimated data using trading partners database"
"TCL","Crops and livestock products","858","Uruguay","5922","Export value","667","Tea leaves","2024","2024","1000 USD","13","X","Figure from external organization","Estimated data using trading partners database"
"TCL","Crops and livestock products","860","Uzbekistan","5910","Export quantity","667","Tea leaves","2024","2024","t","310.14","I","Value imputed by a receiving agency",""
"TCL","Crops and livestock products","860","Uzbekistan","5922","Export value","667","Tea leaves","2024","2024","1000 USD","557","A","Official figure",""
"TCL","Crops and livestock products","862","Venezuela (Bolivarian Republic of)","5910","Export quantity","667","Tea leaves","2024","2024","t","0.36","X","Figure from external organization","Estimated data using trading partners database"
"TCL","Crops and livestock products","862","Venezuela (Bolivarian Republic of)","5922","Export value","667","Tea leaves","2024","2024","1000 USD","2","X","Figure from external organization","Estimated data using trading partners database"
"TCL","Crops and livestock products","704","Viet Nam","5910","Export quantity","667","Tea leaves","2024","2024","t","74012.36","I","Value imputed by a receiving agency",""
"TCL","Crops and livestock products","704","Viet Nam","5922","Export value","667","Tea leaves","2024","2024","1000 USD","101800","X","Figure from external organization","Estimated data using trading partners database"
"TCL","Crops and livestock products","887","Yemen","5910","Export quantity","667","Tea leaves","2024","2024","t","1407.28","X","Figure from external organization","Estimated data using trading partners database"
"TCL","Crops and livestock products","887","Yemen","5922","Export value","667","Tea leaves","2024","2024","1000 USD","11611","X","Figure from external organization","Estimated data using trading partners database"
"TCL","Crops and livestock products","894","Zambia","5910","Export quantity","667","Tea leaves","2024","2024","t","11.67","A","Official figure",""
"TCL","Crops and livestock products","894","Zambia","5922","Export value","667","Tea leaves","2024","2024","1000 USD","10","A","Official figure",""
"TCL","Crops and livestock products","716","Zimbabwe","5910","Export quantity","667","Tea leaves","2024","2024","t","10753.79","A","Official figure",""
"TCL","Crops and livestock products","716","Zimbabwe","5922","Export value","667","Tea leaves","2024","2024","1000 USD","15695","A","Official figure",""
